{
    "$schema": "https://schema.management.azure.com/schemas/2015-01-01/deploymentParameters.json#",
    "contentVersion": "1.0.0.0",
    "parameters": {
        "name": {
            "value": "brewgr"
        },
        "hostingPlanName": {
            "value": "Brewgr"
        },
        "hostingEnvironment": {
            "value": ""
        },
        "location": {
            "value": "Canada East"
        },
        "sku": {
            "value": "Free"
        },
        "workerSize": {
            "value": "0"
        },
        "serverFarmResourceGroup": {
            "value": "brewgr"
        },
        "skuCode": {
            "value": "F1"
        },
        "subscriptionId": {
            "value": "06b86eef-e8f5-4495-9939-8a1001b35eb8"
        }
    }
}